Active,ID of Lab,Name of Lab,Name of PI,Name of Institution,Country of Institution,Webpage,Ancient Metagenomics Research Focus,Latitude,Longitude
‚òë,ACAD,Australian Centre for Ancient DNA,Dr. Vilma Perez-Godoy,University of Adelaide,Australia,https://www.adelaide.edu.au/acad/,environmental,-34.919318,138.603586
‚òë,ACAD,Australian Centre for Ancient DNA,Dr. Jamie Wood,University of Adelaide,Australia,https://www.adelaide.edu.au/acad/,environmental,-34.919318,138.603586
‚òë,AGES,"Archaeology, Genomics, Evolution and Societies",Prof. Ludovic Orlando,"Facult√© de M√©decine Purpan, Universit√© Toulouse III",France,https://cagt.cnrs.fr/ages/,"microbial-genomics,host-associated",43.5957794,1.4512546
‚òë,ASU,Stone Lab,Prof. Anne Stone,Arizona State University,USA,https://stone.lab.asu.edu/,microbial-genomics,33.4545654,-112.070634
‚òë,AWI,Polar Terrestrial Environmental Systems (Paleogenomics Lab),Dr. Kathleen Stoof-Leichsenring,Alfred-Wegener-Institut,Germany,https://www.awi.de/en/science/geosciences/polar-terrestrial-environmental-systems/labs-and-methods/paleogenetic-lab.html,envi,52.381111,13.0658
‚òë,BIOARCH,BioArCh,Dr. Nathan Wales,University of York,United Kingdom,https://www.york.ac.uk/archaeology/centres-facilities/bioarch/facilities/palaeogenomics/,host-associated,53.946347,-1.057853
‚òë,BUY,Reynolds Lab,Dr. Austin Reynolds,Baylor University,United States,https://www.reynoldslab.org/,environmental,31.5502412,-97.11170831
‚òë,CIBIO,"Computational Metagenomics Lab, CIBIO",Prof. Nicola Segata,Universit√† Di Trento,Italy,http://segatalab.cibio.unitn.it/contacts.html,"host-associated,microbial-genomics",46.0695318,11.1515911
‚òë,CPG,Centre for Palaeogenetics,Prof. Anders G√∂therstr√∂m,Stockholm University,Sweden,http://palaeogenetics.com/,"microbial-genomics,host-associated",59.36195,18.057638
‚òë,CPG,Centre for Palaeogenetics,Dr. Peter Heintzman,Stockholm University,Sweden,http://palaeogenetics.com/,environmental,59.36195,18.057638
‚òë,CPG,Centre for Palaeogenetics,Dr. Tom van der Valk,Stockholm University,Sweden,http://palaeogenetics.com/,environmental,59.36195,18.057638
‚òë,EGI,"Schroeder Group, EvoGenomics",Assoc. Prof. Hannes Schroeder,"GLOBE Institute, K√∏benhavns Universitet",Denmark,https://globe.ku.dk/research/evogenomics/schroeder-group/,host-associated,55.6885176,12.5784967
‚òë,EGI,"Gilbert Group, EvoGenomics",Prof. Tom Gilbert,"GLOBE Institute, K√∏benhavns Universitet",Denmark,https://globe.ku.dk/research/evogenomics/gilbert-group/,microbial-genomics,55.6885176,12.5784967
‚òë,EVA,Microbiome Sciences,Prof. Christina Warinner,Max-Planck-Institut f√ºr evolution√§re Anthropologie,Germany,http://christinawarinner.com/,host-associated,51.32089,12.39478
‚òë,EVA,Ancient Pathogenomics,Dr. Alexander Herbig,Max-Planck-Institut f√ºr evolution√§re Anthropologie,Germany,https://www.eva.mpg.de/index/,host-associated,51.32089,12.39478
‚òë,EVA,Molecular Palaeopathology,Dr. Kirsten Bos,Max-Planck-Institut f√ºr evolution√§re Anthropologie,Germany,https://kirstenbos.ca/,microbial-genomics,51.32089,12.39478
‚òë,EVA,Ancient Environmental Genomics MPRG,Dr. Benjamin Vernot,Max-Planck-Institut f√ºr evolution√§re Anthropologie,Germany,https://www.eva.mpg.de/genetics/ancient-environmental-genomics/,"anthropogenic,environmental",51.32089,12.39478
‚òë,FCI,Crick Ancient Genomics,Dr. Pontus Skoglund,Francis Crick Institute,United Kingdom,www.skoglundlab.org,host-associated,51.5329987,-0.127396519708498
‚òë,GGI,"Sikora Group, Geogenetics",Assoc. Prof. Martin Sikora,"GLOBE Institute, K√∏benhavns Universitet",Denmark,https://globe.ku.dk/research/geogenetics/sikora-group/,microbial-genomics,55.6885176,12.5784967
‚òë,GGI,"Paleo-Environmental Genomics Group, Geogenetics",Assis. Prof. Mikkel Winther Pedersen,"GLOBE Institute, K√∏benhavns Universitet",Denmark,https://globe.ku.dk/research/geogenetics/paleo-environmental-genomics-group/,environmental,55.6885176,12.5784967
‚òë,GGI,"Microbial EcoGenomics Group, Geogenetics",Assis. Antonio Fernandez-Guerra,"GLOBE Institute, K√∏benhavns Universitet",Denmark,https://globe.ku.dk/research/geogenetics/microbial-ecogenomics-group/,host-associated,55.6885176,12.5784967
‚òë,GGI,"Willerslev Group, Geogenetics",Prof. Eske Willerslev,"GLOBE Institute, K√∏benhavns Universitet",Denmark,https://globe.ku.dk/research/geogenetics/willerslev-group/,microbial-genomics,55.6885176,12.5784967
‚òë,HKI,Paleobiotechnology,Dr. Pierre Stallforth,Leibniz-Institut f√ºr Naturstoff-Forschung und Infektionsbiologie Hans-Kn√∂ll-Institut,Germany,https://stallforth-lab.de/,host-associated,50.9102864,11.5742225
‚òë,IKMB,Ancient DNA Research,Prof. Ben Krause-Kyora,"Institute of Clinical Molecular Biology, Christian-Albrechts-Universit√§t zu Kiel",Germany,https://www.ikmb.uni-kiel.de/research/junior-research-groups/ancient-dna-research,microbial-genomics,54.3474038,10.1160511
‚òë,IMS,Institute for Mummy Studies,Dr. Albert Zink,EURAC,Italy,https://www.eurac.edu/en/institutes-centers/institute-for-mummy-studies,"microbial-genomics,host-associated",46.4959135,11.3486916
‚òë,INA,Archaeo- and Palaeogenetics,Jun. Prof. Cosimo Posth,Eberhard Karls Universit√§t T√ºbingen,Germany,https://uni-tuebingen.de/fakultaeten/mathematisch-naturwissenschaftliche-fakultaet/fachbereiche/geowissenschaften/arbeitsgruppen/urgeschichte-naturwissenschaftliche-archaeologie/forschungsbereich/archaeo-and-palaeogenetik/,microbial-genomics,48.526412,9.060097
‚òë,IPR,Microbial Paleogenomics,Dr. Nicol√°s Rascovan,Institut Pasteur,France,https://research.pasteur.fr/en/team/microbial-paleogenomics/,"host-associated,microbial-genomics",48.8421234,2.3122407
‚òë,LIIGH,Population & Evolutionary Genomics,Dr. Maria √Åvila Arcos,"Laboratorio Internacional de Investigaci√≥n sobre el Genoma Humano, Univesidad Nacional Aut√≥noma de M√©xico",Mexico,https://liigh.unam.mx/mavila/,"host-associated,microbial-genomics,environmental",20.700131,-100.446854
‚òë,LMAMR,Laboratories of Molecular Anthropology and Microbiome Research,Prof. Cecil Lewis,University of Oklahoma,USA,https://lmamr.org/,host-associated,35.2072425,-97.44436471
‚òë,LMAMR,Laboratories of Molecular Anthropology and Microbiome Research,Assis. Prof. Courtney Hofman,University of Oklahoma,USA,https://lmamr.org/,host-associated,35.2072425,-97.44436471
‚òë,MAAG,Modern and Ancient Genomes,Assoc. Prof. Gabriel Renaud,Technical University of Denmark,Denmark,https://grenaud.github.io/group.html/,"microbial-genomics,environmental",55.787632,12.521014
‚òë,MMU,McMaster Ancient DNA Centre,Dr. Hendrik Poinar,McMaster University,Canada,https://socialsciences.mcmaster.ca/mcmaster-ancient-dna-centre,microbial-genomics,43.2622279,-79.91787641
‚òë,MPIIB,Evolutionary Pathogenomics,Dr. Felix M. Key,Max-Planck-Institut f√ºr Infektionsbiologie,Germany,https://www.mpiib-berlin.mpg.de/2003543/key-lab,microbial-genomics,52.5264889,13.3770731
‚òë,NHML,Ancient DNA Lab NHM,Prof. Ian Barnes,Natural History Museum London,United Kingdom,https://www.nhm.ac.uk/our-science/departments-and-staff/staff-directory/ian-barnes.html,"host-associated,environmental",51.497041,-0.176519
‚òë,NHML,Ancient DNA Lab NHM,Dr. Selina Brace,Natural History Museum London,United Kingdom,https://www.nhm.ac.uk/our-science/departments-and-staff/staff-directory/selina-brace.html,"host-associated,environmental",51.497041,-0.176519
‚òë,NTNU,Holomuseomics,Assoc. Prof. Michael D. Martin,NTNU Vitenskapsmuseet,Norway,https://www.ntnu.edu/museum/holomuseomics#/view/about,host-associated,63.4304107,10.3877934
‚òë,PACEA,Palaeogenetics Platform (UMR 5199 PACEA),Dr. M√©lanie Pruvost,University of Bordeux / CNRS,France,https://www.pacea.u-bordeaux.fr/,host-associated,44.802056,-0.608861
‚òë,PSU,MicroARCH,Dr. Laura Weyrich,Penn State University,United States,https://microarchlab.github.io/,microbial-genomics,40.7995622,-77.85855941
‚òë,RTV,Centre of Moleucular Anthropology for Ancient DNA studies,Dr. Claudio Ottoni,University of Rome Tor Vergata,Italy,https://web.uniroma2.it/en,host-associated,41.854989,12.6300251
‚òë,TAU,Historical and Prehistorical Genetics Laboratory,Dr. Viviane Slon,Universitat Tel Aviv,Israel,https://www.tau.ac.il/~viviane/,environmental,32.114663,34.8057366
‚òë,TIDE,"Transmission, Infection, Diversification & Evolution Group",Dr Denise K√ºhnert,Max Planck Institute for the Science of Human History,Germany,https://www.shh.mpg.de/tide,microbial-genomics,50.917755,11.578511
‚òë,UCL,Microbial Genomics,Dr. Lucy van Dorp,University College London Genetics Institute,United Kingdom,https://www.ucl.ac.uk/~ucbpvan/,microbial-genomics,51.5259081,-0.132691119708498
‚òë,UCO,GenSCAPE Lab,Dr. Maanasa Raghavan,University of Chicago,United States,https://www.genscape-lab.com/,microbial-genomics,41.7899568,-87.59736431
‚òë,UCSC,UCSC Human Paleogenomics Lab,Dr. Lars Fehren-Schmitz,"University of California, Santa Cruz",United States,https://ucschpg.wordpress.com/,microbial-genomics,36.9893992,-122.05686
‚òë,UEH,Guschanski Lab,Dr. Katerina Guschanski,University of Edinburgh,United Kingdom,https://www.ieg.uu.se/animal-ecology/Research+groups/guschanski-lab/guschanski-people/,host-associated,55.9458647,-3.188501
‚òë,UKON,Environmental Genomics,Prof. Laura Epp,Universit√§t Konstanz,Germany,https://www.limnologie.uni-konstanz.de/en/ag-epp-environmental-genomics/,environmental,47.695236,9.193513
‚òë,UNAM,Laboratorio de Antropolog√≠a Molecular,Dr. Ang√©lica Gonz√°lez,Univesidad Nacional Aut√≥noma de M√©xico,Mexico,http://biologia.fciencias.unam.mx/biolcel/atb/index.htm,host-associated,19.324072,-99.179089
‚òë,UOD,Palaeobarn,Prof. Greger Larson,University of Oxford,United Kingdom,https://www.palaeobarn.com/,microbial-genomics,51.7561653,-1.25301781
‚òë,UPF,Paleogenomics Lab,Prof. Carles Lalueza-Fox,"L'Institut de Biologia Evolutiva, Universitat Pompeu Fabra",Spain,https://www.ibe.upf-csic.es/lalueza,microbial-genomics,41.3803282,2.1811476
‚òë,UPR,Toranzo Lab,Prof. Gary Toranzo,"Universidad de Puerto Rico - Recinto de R√≠o Piedras, Avenida Universidad, San Juan, Puerto Rico",Puerto Rico,http://brtc.uprrp.edu/marc/index.php/menu/gary-toranzos-ph-d/,host-associated,18.404158,-66.04869171
‚òë,URS,Ecobio Lab Team Palaeogenomics,Dr. Morgane Ollivier,Unviersity of Rennes 1 / CNRS,France,https://ecobio.univ-rennes1.fr/evolution-des-genomes-traits-dhistoire-de-vie-et-adaptation,"host-associated,microbial-genomics,environmental",48.118107,-1.638029
‚òë,UTIG,aDNA lab UTIG,Dr. Christiana L. Scheib,"Tartu √úlikool, Genoomika Instituut",Estonia,https://genomics.ut.ee/en/research/estonian-biocentre,host-associated,58.3824332,26.7212148
‚òë,UZH,Paleogenetics Group,Assoc. Prof. Verena Schuenemann,Universit√§t Z√ºrich,Switzerland,https://www.iem.uzh.ch/en/research/paleogenetics_group_sch%C3%BCnemann.html,microbial-genomics,47.375671,8.5523301
‚ùé,UCONN,UCONN Genomic Anthropology Lab,Dr. Deborah Bolnick,University of Connecticut,United States,https://anthropology.uconn.edu/person/deborah-bolnick/,microbial-genomics,41.8110678,-72.25182451
‚ùé,UWK,Achtman Lab,Prof. Mark Achtman,"Warwick Medical School, University of Warwick",United Kingdom,https://www2.warwick.ac.uk/fac/med/research/tsm/microinfect/staff/achtmanlab/,"microbial-genomics,host-associated",52.3761174,-1.54927271
üöö,UIT,Heintzman Lab,Dr. Peter Heintzman,UiT - Norges arktiske universitet,Norway,https://sites.google.com/view/peteheintzman/,environmental,69.6811516,18.972565
